name,typ,zone,netcap,seg1,seg2,seg3,mincap,ramp,minu,mind,var_om,no_load,st_cost,CO2Tax,NOXTax,SO2Tax,PMTax
HUMBPP_6_UNITS,ngct,PGE_valley,97.62,7.19,7.26,7.32,35,98,1,1,3.17,41.09589041,6833.4,22.07148997,34.329031,0.106799,0.247253
HUMBPP_1_UNITS3,ngct,PGE_valley,65.08,7.19,7.26,7.32,23,66,1,1,3.17,27.39726027,4555.6,22.07148997,34.329031,0.106799,0.247253
MOSSLD_7_UNIT6,ngst,PGE_valley,754,9.81,10.51,11.22,302,754,6,6,2,156.5644172,52780,17.64543639,0.275697,0.0505,0.3967329
MOSSLD_7_UNIT7,ngst,PGE_valley,755,9.81,10.51,11.22,302,755,6,6,2,156.6871166,52850,17.64543639,0.275697,0.0505,0.3967329
MOSSLD_2_PSP1,ngcc,PGE_valley,510,9.36,9.62,9.88,204,510,3,3,2,234.3173432,35700,17.64543639,0.275697,0.0505,0.3967329
PITTSP_7_UNIT_5,ngst,PGE_bay,312,12.15,12.85,13.56,125,312,6,6,2,64.52322738,21840,36.10920775,2.9757,0,7.069397
PITTSP_7_UNIT_6,ngst,PGE_bay,317,12.15,12.85,13.56,127,317,6,6,2,65.56234719,22190,36.10920775,2.9757,0,7.069397
PITTSP_7_UNIT_7,ngst,PGE_bay,530,12.15,12.85,13.56,212,530,6,6,2,109.608802,37100,36.10920775,2.9757,0,7.069397
ELCAJN_7_GT1,ngct,SDGE,16.36,17.15,17.22,17.28,9,17,1,1,3.17,6.849315068,1145.2,47.88413629,0,0,4.553406
ALAMIT_7_UNIT1,ngst,SCE,174.56,11.19,11.89,12.6,70,175,6,6,2,36.19631902,12219.2,33.88574707,4.625036,0.67736,12.63779
ALAMIT_7_UNIT2,ngst,SCE,175,11.19,11.89,12.6,70,175,6,6,2,36.3190184,12250,33.88574707,4.625036,0.67736,12.63779
ALAMIT_7_UNIT3,ngst,SCE,332.18,11.19,11.89,12.6,133,333,6,6,2,68.95705521,23252.6,33.88574707,4.625036,0.67736,12.63779
ALAMIT_7_UNIT4,ngst,SCE,335.67,11.19,11.89,12.6,135,336,6,6,2,69.69325153,23496.9,33.88574707,4.625036,0.67736,12.63779
ALAMIT_7_UNIT5,ngst,SCE,497.97,11.19,11.89,12.6,200,498,6,6,2,103.3128834,34857.9,33.88574707,4.625036,0.67736,12.63779
ALAMIT_7_UNIT6,ngst,SCE,495,11.19,11.89,12.6,198,495,6,6,2,102.6993865,34650,33.88574707,4.625036,0.67736,12.63779
ELSEGN_2_UN1011,ngcc,SCE,263,9.29,9.55,9.81,106,263,1,1,2,121.0332103,18410,21.79081728,1.867803,0.42335,12.63779
ELSEGN_2_UN2021,ngcc,SCE,263.68,9.29,9.55,9.81,106,264,1,1,2,121.0332103,18457.6,21.79081728,1.867803,0.42335,12.63779
ETIWND_7_UNIT3,ngst,SCE,320,11.26,11.97,12.67,128,320,6,6,2,66.3803681,22400,45.66432908,0.638698191,0.081451581,1.339397
ETIWND_7_UNIT4,ngst,SCE,320,11.26,11.97,12.67,128,320,6,6,2,66.3803681,22400,42.10803848,0.564195533,0.075103492,1.339397
HNTGBH_7_UNIT1,ngst,SCE,225.75,11.19,11.89,12.6,91,226,6,6,2,46.87116564,15802.5,30.07818349,2.1296275,0.2331805,5.50648
HNTGBH_7_UNIT2,ngst,SCE,225.8,11.19,11.89,12.6,91,226,6,6,2,46.87116564,15806,30.07818349,2.1296275,0.2331805,5.50648
HINSON_6_LBECH1,ngct,SCE,65,14.76,14.83,14.89,23,65,1,1,3.17,27.39726027,4550,45.16143927,25.348755,0.93137,12.63779
HINSON_6_LBECH2,ngct,SCE,65,14.76,14.83,14.89,23,65,1,1,3.17,27.39726027,4550,45.16143927,25.348755,0.93137,12.63779
HINSON_6_LBECH3,ngct,SCE,65,14.76,14.83,14.89,23,65,1,1,3.17,27.39726027,4550,45.16143927,25.348755,0.93137,12.63779
HINSON_6_LBECH4,ngct,SCE,65,14.76,14.83,14.89,23,65,1,1,3.17,27.39726027,4550,45.16143927,25.348755,0.93137,12.63779
MNDALY_7_UNIT1,ngst,SCE,215,8.87,9.57,10.28,86,215,6,6,2,44.66257669,15050,28.81229808,0.20387671,0.126214429,2.061651
MNDALY_7_UNIT2,ngst,SCE,215.29,8.87,9.57,10.28,87,216,6,6,2,44.66257669,15070.3,28.06920316,0.235951603,0.122966209,2.061651
MNDALY_7_UNIT3,ngct,SCE,130,28.33,28.4,28.46,46,130,1,1,3.17,54.79452055,9100,28.44075062,0.219914156,0.124590319,2.061651
ORMOND_7_UNIT1,ngst,SCE,741.27,11.49,12.19,12.9,297,742,6,6,2,153.8650307,51888.9,29.79772571,0.589275,0.1305255,2.061651
ORMOND_7_UNIT2,ngst,SCE,775,11.49,12.19,12.9,310,775,6,6,2,160.8588957,54250,29.79772571,0.589275,0.1305255,2.061651
REDOND_7_UNIT5,ngst,SCE,178.87,11.19,11.89,12.6,72,179,6,6,2,37.17791411,12520.9,33.46753187,3.9579635,0.67736,12.63779
REDOND_7_UNIT6,ngst,SCE,175,11.19,11.89,12.6,70,175,6,6,2,36.3190184,12250,33.46753187,3.9579635,0.67736,12.63779
REDOND_7_UNIT7,ngst,SCE,505.96,11.19,11.89,12.6,203,506,6,6,2,105.0306748,35417.2,33.46753187,3.9579635,0.67736,12.63779
REDOND_7_UNIT8,ngst,SCE,495.9,11.19,11.89,12.6,199,496,6,6,2,102.9447853,34713,33.46753187,3.9579635,0.67736,12.63779
SBERDO_2_PSP3,ngcc,SCE,525,5.83,6.09,6.35,210,525,2,2,2,241.3284133,36750,18.57451457,0.566996,0.03037,1.339397
SBERDO_2_PSP4,ngcc,SCE,525,5.83,6.09,6.35,210,525,2,2,2,241.3284133,36750,18.57451457,0.566996,0.03037,1.339397
HARBGN_7_UNITS,ngcc,SCE,109.01,10.65,10.91,11.17,44,110,4,4,2,50.18450185,7630.7,37.16978947,18.500144,0.8467,12.63779
BRDWAY_7_UNIT3,ngst,SCE,65,11.19,11.89,12.6,26,65,6,6,2,13.49693252,4550,30.04444259,13.34145,0,12.63779
GLNARM_7_UNIT1,ngct,SCE,22.07,8.06,8.13,8.19,8,23,1,1,3.17,9.315068493,1544.9,18.68227054,6.0925955,0.33868,12.63779
GLNARM_7_UNIT2,ngct,SCE,22.3,8.06,8.13,8.19,8,23,1,1,3.17,9.315068493,1561,18.68227054,6.0925955,0.33868,12.63779
GLNARM_7_UNIT3,ngct,SCE,44.83,8.06,8.13,8.19,16,45,1,1,3.17,18.90410959,3138.1,18.68227054,6.0925955,0.33868,12.63779
GLNARM_7_UNIT4,ngct,SCE,42.42,8.06,8.13,8.19,15,43,1,1,3.17,17.80821918,2969.4,18.68227054,6.0925955,0.33868,12.63779
OAK_C_7_UNIT_1,oil,PGE_bay,55,13.68,13.75,13.81,20,55,1,1,3.17,23.17808219,3850,58.23378054,174.4293,0.2507085,4.983456
OAK_C_7_UNIT_2,oil,PGE_bay,55,13.68,13.75,13.81,20,55,1,1,3.17,23.17808219,3850,58.23378054,174.4293,0.2507085,4.983456
OAK_C_7_UNIT_3,oil,PGE_bay,55,13.68,13.75,13.81,20,55,1,1,3.17,23.17808219,3850,58.23378054,174.4293,0.2507085,4.983456
CSCGNR_1_UNIT_1,ngct,PGE_bay,24.75,30.84,30.91,30.97,9,25,1,1,3.17,10.4109589,1732.5,36.73889457,51.1164765,1.4336645,4.542792
CSCGNR_1_UNIT_2,ngct,PGE_bay,24.75,30.84,30.91,30.97,9,25,1,1,3.17,10.4109589,1732.5,36.73889457,51.1164765,1.4336645,4.542792
CSCCOG_1_UNIT_1,ngct,PGE_bay,7,18.41,18.48,18.54,3,7,1,1,3.17,2.931506849,490,22.78864523,31.701015,0.8846015,4.542792
ALMEGT_1_UNIT_1,ngct,PGE_bay,23.8,11.48,11.55,11.61,9,24,1,1,3.17,10.02739726,1666,37.81452,52.97915,1.337112,4.983456
ALMEGT_1_UNIT_2,ngct,PGE_bay,25.4,11.48,11.55,11.61,9,26,1,1,3.17,10.68493151,1778,37.81452,52.97915,1.337112,4.983456
LODI25_2_UNIT1,ngct,PGE_valley,25.3,13.94,14.01,14.07,9,26,1,1,3.17,10.68493151,1771,40.44115217,61.144535,1.2335625,3.378912
ANAHM_7_CT,ngct,SCE,42.81,11.9,11.97,12.03,15,43,1,1,3.17,18.08219178,2996.7,23.07619505,2.38095,0.199869,5.50648
GOLETA_6_ELLWOD,ngct,SCE,54,11.53,11.6,11.66,19,54,1,1,3.17,22.73972603,3780,36.29467524,26.402571,0.836119,1.453057
BASICE_2_UNITS,ngcc,PGE_valley,135,6.64,6.9,7.16,54,135,5,5,2,61.99261993,9450,18.24376781,1.872729,0.122014,4.547334
FRITO_1_LAY,ngct,PGE_valley,6,5.86,5.93,5.99,3,6,1,1,3.17,2.465753425,420,17.70765289,12.5192075,0.140852,1.413492
AGRICO_7_UNIT,ngcc,PGE_valley,50.6,6.64,6.9,7.16,21,51,4,4,2,23.24723247,3542,5.834617856,0.122529,0.0143775,1.258577
AGRICO_6_PL3N5,ngct,PGE_valley,22.69,8.02,8.08,8.15,8,23,1,1,3.17,9.589041096,1588.3,5.834617856,0.122529,0.0143775,1.258577
LGHTHP_6_ICEGEN,ngct,SCE,48,8.02,8.08,8.15,17,48,1,1,3.17,20.2739726,3360,23.24408288,255.4016034,0.462459073,12.63779
KNGCTY_6_UNITA1,ngct,PGE_valley,44.6,9.43,9.49,9.56,16,45,1,1,3.17,18.90410959,3122,0.594076199,0.01378485,0,1.018351
TIDWTR_2_UNITS,ngcc,PGE_bay,114.8,6.63,6.89,7.15,46,115,6,6,2,52.73062731,8036,14.89127652,27.1532625,0.677616,7.062336
YUBACT_6_UNITA1,ngct,PGE_valley,46,10.84,10.91,10.97,17,46,1,1,3.17,19.45205479,3220,3.077513719,0.4019514,0.0112095,1.172481
GRNLF1_1_UNITS,ngcc,PGE_valley,49.5,6.64,6.9,7.16,20,50,6,6,2,22.87822878,3465,17.38425606,2.9870506,0.044838,1.172481
GRNLF2_1_UNIT,ngct,PGE_valley,63.75,8.02,8.08,8.15,23,64,1,1,3.17,26.84931507,4462.5,17.38425606,2.9870506,0.044838,1.172481
KINGCO_1_KINGBR,ngct,PGE_valley,34.5,8.02,8.08,8.15,13,35,1,1,3.17,14.52054795,2415,25.04541699,1.047066,0.1006425,1.258577
ETIWND_2_UNIT1,ngct,SCE,33.6,8.02,8.08,8.15,12,34,1,1,3.17,14.24657534,2352,14.44903436,10.963977,0.136665,1.338059
SAUGUS_6_PTCHGN,ngcc,SCE,29.8,8.12,8.38,8.64,12,30,5,5,2,13.65313653,2086,24.28699898,133.147671,2.62477,12.62517
OMAR_2_UNIT1,ngct,SCE,78,7.43,7.5,7.56,28,78,1,1,3.17,32.87671233,5460,14.60634861,10.244535,0.116356,1.413492
OMAR_2_UNIT2,ngct,SCE,78.11,7.43,7.5,7.56,28,79,1,1,3.17,32.87671233,5467.7,14.60634861,10.244535,0.116356,1.413492
OMAR_2_UNIT3,ngct,SCE,81.41,7.43,7.5,7.56,29,82,1,1,3.17,34.24657534,5698.7,14.60634861,10.244535,0.116356,1.413492
OMAR_2_UNIT4,ngct,SCE,81.44,7.43,7.5,7.56,29,82,1,1,3.17,34.24657534,5700.8,14.60634861,10.244535,0.116356,1.413492
MIDSET_1_UNIT1,ngct,PGE_valley,52.9,7.15,7.22,7.28,19,53,1,1,3.17,22.19178082,3703,22.76973314,15.883,0,1.413492
MIRLOM_6_DELGEN,ngct,SCE,50.05,8.09,8.15,8.22,18,51,1,1,3.17,21.09589041,3503.5,25.12299956,31.7376,0,2.937772
BEARMT_1_UNIT,ngct,PGE_valley,47.49,7.1,7.17,7.23,17,48,1,1,3.17,20,3324.3,17.27209444,65.77831,0.024496,1.413492
BDGRCK_1_UNITS,ngct,PGE_valley,47.49,7.52,7.58,7.65,17,48,1,1,3.17,20,3324.3,17.38982223,66.220765,0.024496,1.413492
SNCLRA_6_OXGEN,ngct,SCE,48.9,7.23,7.29,7.36,18,49,1,1,3.17,20.54794521,3423,19.00121873,15.37353,0.447516,2.059592
PTLOMA_6_NTCQF,ngct,SDGE,22.3,8.63,8.69,8.76,17,23,1,1,3.17,9.315068493,1561,26.19497152,43.93268,1.3997445,4.553406
DIVSON_6_NSQF,ngcc,SDGE,47,6.64,6.9,7.16,19,47,6,6,2,21.77121771,3290,26.1734805,43.891364,1.3997445,4.553406
NIMTG_6_NIQF,ngct,SDGE,42.7,7.64,7.71,7.77,212,43,1,1,3.17,18.08219178,2989,25.54916644,42.844692,1.3997445,4.557959
CHALK_1_UNIT,ngct,PGE_valley,47.49,7.41,7.48,7.54,17,48,1,1,3.17,20,3324.3,18.08013521,12.558915,0.140852,1.413492
HOLGAT_1_BORAX,ngct,SCE,48.2,8.06,8.13,8.19,17,49,1,1,3.17,20.2739726,3374,13.55148351,9.43904,0.104108,1.413492
UNOCAL_1_UNITS,ngct,PGE_bay,57.3,6.37,6.43,6.5,21,58,1,1,3.17,24.1369863,4011,13.44028898,11.992071,0.071328,7.062336
SYCAMR_2_UNIT1,ngct,SCE,85,7.33,7.4,7.46,30,85,1,1,3.17,35.89041096,5950,15.07852776,10.5792125,0.116356,1.413492
SYCAMR_2_UNIT2,ngct,SCE,85,7.33,7.4,7.46,30,85,1,1,3.17,35.89041096,5950,15.07852776,10.5792125,0.116356,1.413492
SYCAMR_2_UNIT3,ngct,SCE,85,7.33,7.4,7.46,30,85,1,1,3.17,35.89041096,5950,15.07852776,10.5792125,0.116356,1.413492
SYCAMR_2_UNIT4,ngct,SCE,85,7.33,7.4,7.46,30,85,1,1,3.17,35.89041096,5950,15.07852776,10.5792125,0.116356,1.413492
UNVRSY_1_UNIT1,ngct,PGE_valley,38,7.26,7.32,7.39,14,38,1,1,3.17,15.89041096,2660,13.64357252,9.5298,0.104108,1.413492
ARCOGN_2_UNITS,ngcc,SCE,416.6,6.01,6.27,6.53,167,417,5,5,2,191.5129151,29162,14.12656165,63.0161155,1.27005,12.62517
GOLETA_6_EXGEN,ngct,SCE,48.2,9.59,9.65,9.72,17,49,1,1,3.17,20.2739726,3374,26.28351451,19.0032,0,1.453057
DOUBLC_1_UNITS,ngct,PGE_valley,52.23,8.68,8.75,8.81,19,53,1,1,3.17,21.91780822,3656.1,26.00262691,18.0669125,0.202092,1.413492
KERNFT_1_UNITS,ngct,PGE_valley,52.4,8.67,8.73,8.8,19,53,1,1,3.17,22.19178082,3668,26.165099,18.1803625,0.202092,1.413492
SIERRA_1_UNITS,ngct,PGE_valley,52.43,8.85,8.91,8.98,19,53,1,1,3.17,22.19178082,3670.1,23.05513385,16.01914,0.177596,1.413492
SRINTL_6_UNIT,ngct,PGE_bay,6.9,7.4,7.46,7.53,3,7,1,1,3.17,2.904109589,483,14.9741244,15.283994,0.4126325,3.549797
MKTRCK_1_UNIT1,ngct,PGE_valley,47.49,7.34,7.41,7.47,17,48,1,1,3.17,20,3324.3,15.74803743,59.9753425,0.018372,1.413492
TANHIL_6_SOLART,ngct,PGE_valley,17,7.49,7.56,7.62,6,17,1,1,3.17,7.123287671,1190,16.40112797,11.4527775,0.128604,1.413492
GOLETA_6_GAVOTA,ngct,SCE,9.9,5.72,5.78,5.85,4,10,1,1,3.17,4.109589041,693,19.16783859,13.65855,0,1.453057
CALPIN_1_AGNEW,ngcc,PGE_valley,28,8.05,8.31,8.57,12,28,5,5,2,12.91512915,1960,24.0804703,33.6301515,0.9456085,4.542792
COLGA1_6_SHELLW,ngct,PGE_valley,52.9,6.23,6.29,6.36,19,53,1,1,3.17,22.19178082,3703,13.63744758,9.4737195,0.2444175,1.25732
KERNRG_1_UNITS,ngct,PGE_valley,55.2,9.02,9.09,9.15,20,56,1,1,3.17,23.28767123,3864,14.58303086,10.23319,0.116356,1.413492
GRZZLY_1_BERKLY,ngct,PGE_valley,32.5,7.98,8.05,8.11,12,33,1,1,3.17,13.69863014,2275,14.23921756,20.00315,0.501417,4.983456
CHINO_6_CIMGEN,ngct,SCE,31.6,6.93,7,7.06,12,32,1,1,3.17,13.42465753,2212,17.05729171,12.948463,0.167035,1.338059
SARGNT_2_UNIT,ngct,PGE_valley,57.1,8.02,8.08,8.15,20,58,1,1,3.17,24.10958904,3997,22.82560978,0.459495,0,1.018351
SALIRV_2_UNIT,ngct,PGE_valley,57,8.02,8.08,8.15,20,57,1,1,3.17,24.10958904,3990,16.68900015,0.29867175,0.0505,1.018351
TXMCKT_6_UNIT,ngct,PGE_valley,11.2,6.41,6.48,6.54,4,12,1,1,3.17,4.657534247,784,28.91508962,20.1884275,0.226588,1.413492
CHEVCD_6_UNIT,ngct,PGE_valley,11.5,8.02,8.08,8.15,5,12,1,1,3.17,4.931506849,805,13.06709746,9.1837775,0.104108,1.413492
CHEVCO_6_UNIT_2,ngcc,PGE_valley,12.5,7.13,7.39,7.65,5,13,6,6,2,5.904059041,875,12.9631669,8.8833525,0.23004,1.25732
CHEVCO_6_UNIT1,ngct,PGE_valley,19,8.02,8.08,8.15,7,19,1,1,3.17,7.945205479,1330,12.9631669,8.8833525,0.23004,1.25732
TENGEN_2_PL1X2,ngct,SCE,40.2,7.26,7.32,7.39,15,41,1,1,3.17,16.98630137,2814,14.077863,77.0691095,1.52406,12.62517
DISCOV_1_CHEVRN,ngct,PGE_valley,56.2,8.02,8.08,8.15,20,57,1,1,3.17,23.56164384,3934,12.53837545,8.75834,0.097984,1.413492
SAMPSN_6_KELCO1,ngct,SDGE,25,8.02,8.08,8.15,202,25,1,1,3.17,10.4109589,1750,14.1553811,24.348896,0.763497,4.553406
SUNSET_2_UNITS,ngct,PGE_valley,248,7.6,7.66,7.73,87,248,1,1,3.17,104.6575342,17360,12.86783275,8.98524,0.097984,1.413492
YUBACT_1_SUNSWT,ngct,PGE_valley,49.97,7.63,7.69,7.76,18,50,1,1,3.17,21.09589041,3497.9,18.98045841,9.5680196,0.269028,1.17131
DEXZEL_1_UNIT,ngct,PGE_valley,36.8,8.08,8.14,8.21,13,37,1,1,3.17,15.61643836,2576,18.1861289,12.7007275,0.140852,1.413492
OILDAL_1_UNIT1,ngct,PGE_valley,40,7.96,8.02,8.09,14,40,1,1,3.17,16.98630137,2800,13.80172491,41.8357812,0.15813,0.7672092
OROVIL_6_UNIT,ngct,PGE_valley,7.5,15.36,15.42,15.49,3,8,1,1,3.17,3.287671233,525,13.80172491,41.8357812,0.15813,0.7672092
ESCO_6_GLMQF,ngct,SDGE,49.9,6.97,7.04,7.1,113,50,1,1,3.17,21.09589041,3493,18.8974601,1.487376,0.169666,4.557959
SHELRF_1_UNITS,ngcc,PGE_bay,100,8.87,9.13,9.39,40,100,5,5,2,45.94095941,7000,15.40701796,21.3804045,0.570624,7.062336
MRCHNT_2_PL1X3,ngcc,SCE,494.58,5.84,6.1,6.36,198,495,1,1,2,227.3062731,34620.6,19.44922048,0.42437835,0.032175,1.154932
CROKET_7_UNIT,ngcc,PGE_bay,240,4.36,4.62,4.88,96,240,5,5,2,110.2583026,16800,15.04414213,27.3615615,0.677616,7.062336
LAPLMA_2_UNIT1,ngcc,PGE_valley,259.8,6,6.26,6.52,104,260,3,3,2,119.5571956,18186,19.23452522,0.3346775,0.03062,1.414905
LAPLMA_2_UNIT2,ngcc,PGE_valley,260.2,6,6.26,6.52,105,261,3,3,2,119.5571956,18214,19.23452522,0.3346775,0.03062,1.414905
LAPLMA_2_UNIT3,ngcc,PGE_valley,256.15,6,6.26,6.52,103,257,3,3,2,117.7121771,17930.5,19.23452522,0.3346775,0.03062,1.414905
LAPLMA_2_UNIT4,ngcc,PGE_valley,259.54,6,6.26,6.52,104,260,2,2,2,119.1881919,18167.8,19.23452522,0.3346775,0.03062,1.414905
SUNRIS_2_PL1X3,ngcc,PGE_valley,586.02,9.84,10.1,10.36,235,587,4,4,2,269.3726937,41021.4,17.87657229,0.215555,0.024496,1.414905
LMEC_1_PL1X3,ngcc,PGE_bay,561.29,8.36,8.62,8.88,225,562,4,4,2,257.896679,39290.3,16.90790765,0.6992895,0.142656,7.069397
BUCKBL_2_PL1X3,ngcc,SCE,493.63,9.91,10.17,10.43,198,494,1,1,2,226.9372694,34554.1,19.13461347,0.535572,0.139916,2.940709
DELTA_2_PL1X4,ngcc,PGE_bay,880,10.22,10.48,10.74,352,880,4,4,2,404.3542435,61600,18.29240199,0.803439,0.142656,7.069397
OTMESA_2_PL1X3,ngcc,SDGE,603.68,9.62,9.88,10.14,242,604,1,1,2,277.4907749,42257.6,19.32472302,1.019128,0.2120825,4.557959
METEC_2_PL1X3,ngcc,PGE_bay,593.16,5.97,6.23,6.49,238,594,2,2,2,272.5461255,41521.2,18.7510203,0.6204825,0.122014,4.547334
ELKHIL_2_PL1X3,ngcc,PGE_valley,551.7,8.77,9.03,9.3,221,552,2,2,2,253.5055351,38619,14.32776055,0.170175,0.018372,1.414905
VACADX_1_UNITA1,ngct,PGE_valley,50.61,11.9,11.97,12.03,18,51,1,1,3.17,21.36986301,3542.7,27.17754084,1.223331,0.180089,4.476259
PNOCHE_1_UNITA1,ngct,PGE_valley,52.01,7.64,7.71,7.77,19,53,1,1,3.17,21.91780822,3640.7,15.35816888,0.356448,0.05751,1.258577
BORDER_6_UNITA1,ngct,SDGE,51.25,11.9,11.97,12.03,6,52,1,1,3.17,21.64383562,3587.5,27.76295616,1.693956,0.2969155,4.557959
ELCAJN_6_UNITA1,ngct,SDGE,45.42,11.9,11.97,12.03,6,46,1,1,3.17,19.17808219,3179.4,28.55618962,1.762816,0.2969155,4.557959
ESCNDO_6_UNITB1,ngct,SDGE,48.04,11.9,11.97,12.03,13,49,1,1,3.17,20.2739726,3362.8,27.22611054,2.024484,0.2969155,4.557959
HIDSRT_2_UNITS,ngcc,SCE,830,7.29,7.56,7.82,332,830,4,4,2,381.5498155,58100,19.12148246,0.394432,0.03037,1.339397
ESCNDO_6_PL1X2,ngct,SDGE,48.71,7.63,7.7,7.76,38,49,1,1,3.17,20.54794521,3409.7,26.82981618,1.280796,0.254499,4.557959
OTAY_6_PL1X2,ngct,SDGE,35.5,19.33,19.39,19.46,8,36,1,1,3.17,15.06849315,2485,49.85787135,3.773528,0.5514145,4.557959
INDIGO_1_UNIT1,ngct,SCE,44,11.9,11.97,12.03,16,44,1,1,3.17,18.63013699,3080,27.39954306,2.350566,0.244853,2.940709
INDIGO_1_UNIT2,ngct,SCE,44.53,11.9,11.97,12.03,16,45,1,1,3.17,18.90410959,3117.1,27.39954306,2.350566,0.244853,2.940709
INDIGO_1_UNIT3,ngct,SCE,43.69,11.9,11.97,12.03,16,44,1,1,3.17,18.35616438,3058.3,27.39954306,2.350566,0.244853,2.940709
LARKSP_6_UNIT1,ngct,SDGE,46.1,11.9,11.97,12.03,22,47,1,1,3.17,19.45205479,3227,26.42363595,2.630452,0.254499,4.557959
LARKSP_6_UNIT2,ngct,SDGE,47.98,11.9,11.97,12.03,18,48,1,1,3.17,20.2739726,3358.6,26.42363595,2.630452,0.254499,4.557959
LMBEPK_2_UNITA2,ngct,PGE_bay,48,9.46,9.53,9.59,17,48,1,1,3.17,20.21917808,3360,32.83934943,2.733208,0.205816,4.476259
LMBEPK_2_UNITA1,ngct,PGE_valley,48,9.58,9.65,9.71,17,48,1,1,3.17,20.2739726,3360,31.14177395,2.634019,0.205816,4.476259
LMBEPK_2_UNITA3,ngct,PGE_bay,48,9.66,9.73,9.79,17,48,1,1,3.17,20.21917808,3360,30.95351263,2.711166,0.205816,4.476259
LEBECS_2_UNITS,ngcc,SCE,799.47,9.62,9.88,10.14,320,800,3,3,2,367.5276753,55962.9,18.29964446,0.2552625,0.024496,1.414905
LECEF_1_UNITS,ngct,PGE_bay,294,11.9,11.96,12.03,103,294,1,1,3.17,123.9452055,20580,21.4618113,0.564075,0.1525175,4.547334
HENRTA_6_UNITA1,ngct,PGE_valley,49.98,7.41,7.47,7.54,18,50,1,1,3.17,21.09589041,3498.6,26.77845265,0.7947325,0.0933275,1.234983
HENRTA_6_UNITA2,ngct,PGE_valley,49.42,7.41,7.47,7.54,18,50,1,1,3.17,20.82191781,3459.4,26.77845265,0.7947325,0.0933275,1.234983
GILROY_1_UNIT,ngcc,PGE_bay,120,6.63,6.89,7.15,48,120,6,6,2,55.12915129,8400,30.18649822,4.129029,0.2135245,4.547334
GILRPP_1_PL3X4,ngct,PGE_bay,46.2,11.9,11.96,12.03,17,47,1,1,3.17,19.45205479,3234,30.18649822,4.129029,0.2135245,4.547334
GILRPP_1_PL1X2,ngct,PGE_bay,95.4,11.9,11.96,12.03,34,96,1,1,3.17,40.21917808,6678,30.18649822,4.129029,0.2135245,4.547334
BOGUE_1_UNITA1,ngct,PGE_valley,46.3,9.15,9.21,9.28,17,47,1,1,3.17,19.45205479,3241,31.48090221,3.5978591,0.0784665,1.172481
INLDEM_5_UNIT2,ngcc,SCE,366.32,5.62,5.88,6.14,147,367,1,1,2,168.2656827,25642.4,18.5809189,0.44631,0.139916,2.940709
INLDEM_5_UNIT1,ngcc,SCE,376.2,5.62,5.88,6.14,151,377,2,2,2,172.6937269,26334,18.5809189,0.44631,0.139916,2.940709
WOLFSK_1_UNITA1,ngct,PGE_valley,46.9,9.31,9.38,9.44,17,47,1,1,3.17,19.7260274,3283,30.72248419,2.160116,0.154362,4.476259
SCHLTE_1_PL1X3,ngcc,PGE_valley,332.28,6.33,6.59,6.85,133,333,1,1,2,152.7675277,23259.6,21.18743547,0.93727,0.1209375,3.38229
CENTRY_6_PL1X4,ngct,SCE,41.4,13.16,13.23,13.29,15,42,1,1,3.17,17.53424658,2898,39.71088739,30.340449,0.3872175,1.338059
DREWS_6_PL1X4,ngct,SCE,41.4,13.67,13.74,13.8,15,42,1,1,3.17,17.53424658,2898,53.94632253,41.501642,0.5238825,1.338059
COLTON_6_AGUAM1,ngct,SCE,43,11.9,11.97,12.03,16,43,1,1,3.17,18.08219178,3010,28.09843095,1.288067,0.06074,1.339397
RVRVEW_1_UNITA1,ngct,PGE_bay,48.7,9.3,9.37,9.43,18,49,1,1,3.17,20.52054795,3409,29.49362781,3.303027,0.249648,7.069397
PALOMR_2_PL1X3,ngcc,SDGE,575,9.7,9.96,10.22,230,575,2,2,2,264.2066421,40250,18.47021867,0.647284,0.169666,4.557959
DUANE_1_PL1X3,ngcc,PGE_bay,147.8,7.86,8.12,8.38,60,148,2,2,2,67.89667897,10346,20.29104513,0.5527935,0.1525175,4.547334
VERNON_6_GONZL1,ngct,SCE,5.75,12.7,12.77,12.83,3,6,1,1,3.17,2.465753425,402.5,34.65641496,189.8488335,3.72548,12.62517
VERNON_6_GONZL2,ngct,SCE,5.75,12.7,12.77,12.83,3,6,1,1,3.17,2.465753425,402.5,34.65641496,189.8488335,3.72548,12.62517
VERNON_6_MALBRG,ngcc,SCE,134,7.86,8.12,8.38,54,134,3,3,2,61.62361624,9380,21.17847372,2.935119,0.42335,12.63779
SMPRIP_1_SMPSON,ngct,PGE_valley,46.05,9.37,9.43,9.5,17,47,1,1,3.17,19.45205479,3223.5,29.25808626,1.4922325,0.145125,3.38229
RVSIDE_6_RERCU1,ngct,SCE,48.35,8.49,8.56,8.62,17,49,1,1,3.17,20.2739726,3384.5,27.83602562,1.110816,0.244853,2.940709
RVSIDE_6_RERCU2,ngct,SCE,48.5,8.49,8.56,8.62,17,49,1,1,3.17,20.54794521,3395,27.83602562,1.110816,0.244853,2.940709
RVSIDE_2_RERCU3,ngct,SCE,49,8.49,8.56,8.62,18,49,1,1,3.17,20.54794521,3430,27.83602562,1.110816,0.244853,2.940709
RVSIDE_2_RERCU4,ngct,SCE,49,8.49,8.56,8.62,18,49,1,1,3.17,20.54794521,3430,27.83602562,1.110816,0.244853,2.940709
RVSIDE_6_SPRING,ngct,SCE,36,12.28,12.35,12.41,13,36,1,1,3.17,15.06849315,2520,35.27148789,42.825924,1.574055,2.937772
REDBLF_6_UNIT,ngct,PGE_valley,44,9.48,9.54,9.61,16,44,1,1,3.17,18.63013699,3080,25.94417134,70.768175,0.22803,0.5143398
CHWCHL_1_UNIT,ngct,PGE_valley,48.6,8.71,8.77,8.84,18,49,1,1,3.17,20.54794521,3402,26.05334571,123.4397483,0.3841365,1.163148
MRGT_6_MMAREF,ngct,SDGE,48,7.9,7.96,8.03,17,48,1,1,3.17,20.2739726,3360,25.79351931,2.630452,0.254499,4.557959
MALAGA_1_PL1X2,ngcc,PGE_valley,96,7.61,7.87,8.13,39,96,2,2,2,44.2804428,6720,26.86635091,0.935676,0.1006425,1.258577
CORONS_6_CLRWTR,ngcc,SCE,28,7.49,7.75,8.02,12,28,4,4,2,12.91512915,1960,17.73905127,21.650994,0.804517,2.937772
RUSCTY_2_UNITS,ngcc,PGE_bay,620,10.06,10.32,10.58,248,620,1,1,2,284.9077491,43400,18.71500136,0.62975,0.111426,4.988439
MNDALY_6_MCGRTH,ngct,SCE,47.2,11.9,11.97,12.03,17,48,1,1,3.17,20,3304,25.62717883,0.75951,0.111879,2.061651
ETIWND_6_GRPLND,ngct,SCE,46,11.9,11.97,12.03,17,46,1,1,3.17,19.45205479,3220,32.7480126,1.097014,0.06074,1.339397
MIRLOM_6_PEAKER,ngct,SCE,46,7.6,7.66,7.73,17,46,1,1,3.17,19.45205479,3220,25.99467524,0.912124,0.045555,1.339397
BARRE_6_PEAKER,ngct,SCE,47,11.9,11.97,12.03,17,47,1,1,3.17,19.7260274,3290,25.98521919,1.64021,0.199869,5.50648
CENTER_6_PEAKER,ngct,SCE,47,11.9,11.97,12.03,17,47,1,1,3.17,19.7260274,3290,31.04936257,4.8473935,0.59269,12.63779
GATWAY_2_PL1X3,ngcc,PGE_bay,562.5,5.91,6.17,6.43,225,563,1,1,2,258.4870849,39375,18.80113735,0.6992895,0.142656,7.069397
COLUSA_2_PL1X3,ngct,PGE_valley,641,5.31,5.37,5.44,225,641,1,1,3.17,270.1369863,44870,18.44101237,0.14220855,0.048442,1.192814
PNCHPP_1_PL1X2,ngct,PGE_valley,119.91,7.6,7.66,7.73,42,120,1,1,3.17,50.68493151,8393.7,28.99116782,1.180734,0.1006425,1.258577
PNCHEG_2_PL1X4,ngct,PGE_valley,401,7.64,7.71,7.77,141,401,1,1,3.17,169.0410959,28070,23.90682288,0.5736585,0.086265,1.258577
OGROVE_6_PL1X2,ngct,SDGE,96,11.9,11.97,12.03,18,96,1,1,3.17,40.54794521,6720,28.46786154,1.735272,0.2969155,4.557959
ELCAJN_6_LM6K,ngct,SDGE,48.1,8.13,8.2,8.26,16,49,1,1,3.17,20.2739726,3367,28.66106579,1.831676,0.2969155,4.557959
ANAHM_2_CANYN1,ngct,SCE,49.4,8.35,8.41,8.48,18,50,1,1,3.17,20.82191781,3458,27.33592964,1.21693,0.199869,5.50648
ANAHM_2_CANYN2,ngct,SCE,49.4,8.35,8.41,8.48,18,50,1,1,3.17,20.82191781,3458,27.33592964,1.21693,0.199869,5.50648
ANAHM_2_CANYN3,ngct,SCE,49.4,8.35,8.41,8.48,18,50,1,1,3.17,20.82191781,3458,27.33592964,1.21693,0.199869,5.50648
ANAHM_2_CANYN4,ngct,SCE,49.4,8.35,8.41,8.48,18,50,1,1,3.17,20.82191781,3458,27.33592964,1.21693,0.199869,5.50648
COCOPP_2_CTG1,ngct,PGE_bay,204.2,8.65,8.71,8.78,72,205,1,1,3.17,86.08219178,14294,30.04014439,1.2349155,0.249648,7.069397
COCOPP_2_CTG2,ngct,PGE_bay,202.7,8.65,8.71,8.78,71,203,1,1,3.17,85.45205479,14189,30.04014439,1.2349155,0.249648,7.069397
COCOPP_2_CTG3,ngct,PGE_bay,208.96,8.65,8.71,8.78,74,209,1,1,3.17,88.08219178,14627.2,30.04014439,1.2349155,0.249648,7.069397
COCOPP_2_CTG4,ngct,PGE_bay,204.29,8.65,8.71,8.78,72,205,1,1,3.17,86.10958904,14300.3,30.04014439,1.2349155,0.249648,7.069397
SENTNL_2_CTG1,ngct,SCE,92.09,7.63,7.7,7.76,33,93,1,1,3.17,38.90410959,6446.3,26.18852421,1.051308,0.209874,2.940709
SENTNL_2_CTG2,ngct,SCE,92.4,7.63,7.7,7.76,33,93,1,1,3.17,38.90410959,6468,26.18852421,1.051308,0.209874,2.940709
SENTNL_2_CTG3,ngct,SCE,92.36,7.63,7.7,7.76,33,93,1,1,3.17,38.90410959,6465.2,26.18852421,1.051308,0.209874,2.940709
SENTNL_2_CTG4,ngct,SCE,91.98,7.63,7.7,7.76,33,92,1,1,3.17,38.90410959,6438.6,26.18852421,1.051308,0.209874,2.940709
SENTNL_2_CTG5,ngct,SCE,91.83,7.63,7.7,7.76,33,92,1,1,3.17,38.63013699,6428.1,26.18852421,1.051308,0.209874,2.940709
SENTNL_2_CTG6,ngct,SCE,92.16,7.63,7.7,7.76,33,93,1,1,3.17,38.90410959,6451.2,26.18852421,1.051308,0.209874,2.940709
SENTNL_2_CTG7,ngct,SCE,91.84,7.63,7.7,7.76,33,92,1,1,3.17,38.63013699,6428.8,26.18852421,1.051308,0.209874,2.940709
SENTNL_2_CTG8,ngct,SCE,91.56,7.63,7.7,7.76,33,92,1,1,3.17,38.63013699,6409.2,26.18852421,1.051308,0.209874,2.940709
KELSO_2_UNITS,ngct,PGE_bay,196,8.64,8.7,8.77,69,196,1,1,3.17,82.63013699,13720,27.54890563,1.5343,0.1949955,4.988439
WALCRK_2_CTG1,ngct,SCE,96.43,7.37,7.44,7.5,34,97,1,1,3.17,40.54794521,6750.1,25.16447723,4.891865,0.50802,12.63779
WALCRK_2_CTG2,ngct,SCE,96.91,7.37,7.44,7.5,34,97,1,1,3.17,40.82191781,6783.7,25.16447723,4.891865,0.50802,12.63779
WALCRK_2_CTG3,ngct,SCE,96.65,7.37,7.44,7.5,34,97,1,1,3.17,40.82191781,6765.5,25.16447723,4.891865,0.50802,12.63779
WALCRK_2_CTG4,ngct,SCE,96.49,7.37,7.44,7.5,34,97,1,1,3.17,40.54794521,6754.3,25.16447723,4.891865,0.50802,12.63779
WALCRK_2_CTG5,ngct,SCE,96.65,7.37,7.44,7.5,34,97,1,1,3.17,40.82191781,6765.5,25.16447723,4.891865,0.50802,12.63779
PIOPIC_2_CTG1,ngct,SDGE,106,7.87,7.94,8,17,106,1,1,3.17,44.65753425,7420,25.40925992,1.7215,0.254499,4.557959
PIOPIC_2_CTG2,ngct,SDGE,106,7.87,7.94,8,34,106,1,1,3.17,44.65753425,7420,25.40925992,1.7215,0.254499,4.557959
PIOPIC_2_CTG3,ngct,SDGE,106,7.87,7.94,8,17,106,1,1,3.17,44.65753425,7420,25.40925992,1.7215,0.254499,4.557959
SGREGY_6_SANGER,ngct,PGE_valley,48.3,8.02,8.08,8.15,17,49,1,1,3.17,20.2739726,3381,18.31883594,0.612645,0.05751,1.258577
PLMSSR_6_HISIER,ngct,PGE_valley,6,8.66,8.73,8.79,3,6,1,1,3.17,2.465753425,420,15.79299664,82.5722352,0.17085,0.8178269
LODIEC_2_PL1X2,ngcc,PGE_valley,302.58,5.6,5.87,6.13,122,303,1,1,2,139.1143911,21180.6,18.12715755,0.517965,0.09675,3.38229
STIGCT_2_LODI,ngct,PGE_valley,49.9,9.47,9.53,9.6,18,50,1,1,3.17,21.09589041,3493,18.12715755,0.517965,0.09675,3.38229
VESTAL_2_WELLHD,ngct,SCE,49,7.63,7.7,7.76,18,49,1,1,3.17,20.54794521,3430,31.09449371,0.4185624,0.03432205,0.7742778
SNCLRA_2_HOWLNG,ngct,SCE,13,8.66,8.73,8.79,5,13,1,1,3.17,5.479452055,910,23.23501367,162.27324,0.559395,2.059592
HELMS_PS,psh,PGE_valley,1212,0,0,0,0,1212,1,1,0,0,0,0,0,0,0
EASTWOOD_PS,psh,SCE,148,0,0,0,0,148,1,1,0,0,0,0,0,0,0
HODGES_PS,psh,SDGE,80,0,0,0,0,80,1,1,0,0,0,0,0,0,0
SLACK1,slack,PGE_valley,10000,10000,10000,10000,0,5000,1,1,0,10000000000,10000000000,0,0,0,0
SLACK2,slack,PGE_bay,10000,10000,10000,10000,0,5000,1,1,0,10000000000,10000000000,0,0,0,0
SLACK3,slack,SCE,10000,10000,10000,10000,0,5000,1,1,0,10000000000,10000000000,0,0,0,0
SLACK4,slack,SDGE,10000,10000,10000,10000,0,5000,1,1,0,10000000000,10000000000,0,0,0,0
SCE_hydro,hydro,SCE,2082.666175,0,0,0,0,455,1,1,0,0,0,0,0,0,0
PGEV_hydro,hydro,PGE_valley,4185.568692,0,0,0,0,725,1,1,0,0,0,0,0,0,0
P46I_SCE,imports,WECC_SCE,1716.274635,0,0,0,0,366,1,1,0,0,0,0,0,0,0
P46I_SDGE,imports,WECC_SDGE,99,0,0,0,0,99,1,1,0,0,0,0,0,0,0
P66I,imports,WECC_PGEV,4121.588058,0,0,0,0,860,1,1,0,0,0,0,0,0,0
P61I,imports,WECC_SCE,1323.032957,0,0,0,0,348,1,1,0,0,0,0,0,0,0
P45I,imports,WECC_SDGE,485,0,0,0,0,99,1,1,0,0,0,0,0,0,0
P24I,imports,WECC_PGEV,99,0,0,0,0,47,1,1,0,0,0,0,0,0,0
P42I,imports,WECC_SCE,438,0,0,0,0,47,1,1,0,0,0,0,0,0,0
